end_station_name,member_casual,total_trips_end_station
Streeter Dr & Grand Ave,casual,7182
Millennium Park,casual,3429
Michigan Ave & Oak St,casual,3128
Kingsbury St & Kinzie St,member,2522
Wells St & Concord Ln,member,2514
Clark St & Elm St,member,2427
Theater on the Lake,casual,2261
Shedd Aquarium,casual,2247
Wells St & Elm St,member,2187
Dearborn St & Erie St,member,2008
Broadway & Barry Ave,member,1916
Wells St & Concord Ln,casual,1910
Clinton St & Madison St,member,1909
Wells St & Huron St,member,1903
DuSable Lake Shore Dr & North Blvd,casual,1889
St. Clair St & Erie St,member,1825
Green St & Madison St,member,1813
Clinton St & Washington Blvd,member,1775
Wabash Ave & Grand Ave,casual,1742
Clark St & Armitage Ave,member,1707
Clark St & Lincoln Ave,casual,1669
Lake Shore Dr & North Blvd,casual,1669
DuSable Lake Shore Dr & Monroe St,casual,1667
Wabash Ave & Grand Ave,member,1665
Lake Shore Dr & Monroe St,casual,1652
Indiana Ave & Roosevelt Rd,casual,1624
Clark St & Armitage Ave,casual,1606
Clark St & Lincoln Ave,member,1602
Wilton Ave & Belmont Ave,member,1594
Desplaines St & Kinzie St,member,1583
Streeter Dr & Grand Ave,member,1576
Dearborn Pkwy & Delaware Pl,member,1558
Wells St & Hubbard St,member,1541
Clark St & Elm St,casual,1534
Wells St & Elm St,casual,1532
Loomis St & Lexington St,member,1521
New St & Illinois St,casual,1499
Larrabee St & Webster Ave,member,1487
Ellis Ave & 60th St,member,1480
Clark St & Drummond Pl,member,1467
Wabash Ave & Roosevelt Rd,member,1465
Theater on the Lake,member,1460
Ashland Ave & Division St,member,1454
Michigan Ave & Oak St,member,1450
University Ave & 57th St,member,1447
Michigan Ave & Lake St,casual,1412
Clark St & Wrightwood Ave,member,1388
Wells St & Evergreen Ave,member,1380
Canal St & Adams St,member,1363
Larrabee St & Webster Ave,casual,1363
Clark St & Schiller St,member,1359
Sheffield Ave & Waveland Ave,casual,1358
Dusable Harbor,casual,1354
Kingsbury St & Erie St,member,1353
McClurg Ct & Erie St,member,1350
Clark St & Newport St,casual,1349
Michigan Ave & Washington St,casual,1348
Fairbanks Ct & Grand Ave,casual,1343
Sheffield Ave & Fullerton Ave,member,1342
Lincoln Ave & Fullerton Ave,member,1333
Daley Center Plaza,member,1331
Broadway & Waveland Ave,member,1328
Clinton St & Lake St,member,1320
LaSalle St & Illinois St,casual,1307
Indiana Ave & Roosevelt Rd,member,1306
Michigan Ave & 8th St,casual,1303
Lakeview Ave & Fullerton Pkwy,member,1291
New St & Illinois St,member,1289
Halsted St & Roscoe St,member,1288
Wells St & Evergreen Ave,casual,1275
Fairbanks Ct & Grand Ave,member,1263
Bissell St & Armitage Ave,member,1261
Halsted St & Clybourn Ave,member,1256
LaSalle St & Illinois St,member,1256
Broadway & Barry Ave,casual,1255
Orleans St & Merchandise Mart Plaza,member,1252
Pine Grove Ave & Waveland Ave,member,1237
Rush St & Superior St,member,1229
Dearborn St & Erie St,casual,1214
Federal St & Polk St,member,1211
Michigan Ave & Washington St,member,1202
Milwaukee Ave & Grand Ave,member,1197
St. Clair St & Erie St,casual,1195
Montrose Harbor,casual,1190
Clark St & Wellington Ave,member,1186
Broadway & Cornelia Ave,member,1185
Racine Ave & Fullerton Ave,member,1175
Wilton Ave & Belmont Ave,casual,1175
Halsted St & Wrightwood Ave,member,1174
Morgan St & Lake St,member,1174
Larrabee St & Kingsbury St,member,1169
Lakeview Ave & Fullerton Pkwy,casual,1165
Michigan Ave & Lake St,member,1162
Dearborn St & Monroe St,member,1160
State St & Kinzie St,member,1149
Columbus Dr & Randolph St,member,1143
Wells St & Huron St,casual,1143
Southport Ave & Roscoe St,member,1140
Southport Ave & Waveland Ave,member,1132
Wilton Ave & Diversey Pkwy,member,1129
Rush St & Cedar St,member,1128
Buckingham Fountain,casual,1120
Damen Ave & Pierce Ave,casual,1116
Clinton St & Jackson Blvd,member,1101
DuSable Lake Shore Dr & North Blvd,member,1097
Green St & Randolph St,casual,1097
Mies van der Rohe Way & Chicago Ave,member,1092
Lincoln Ave & Diversey Pkwy,member,1089
Lincoln Ave & Fullerton Ave,casual,1088
Franklin St & Chicago Ave,member,1085
Peoria St & Jackson Blvd,member,1085
Halsted St & Dickens Ave,member,1084
Halsted St & Roscoe St,casual,1082
Franklin St & Illinois St,member,1076
Clark St & Wrightwood Ave,casual,1075
Green St & Randolph St,member,1074
State St & Kinzie St,casual,1074
Damen Ave & Pierce Ave,member,1071
Ashland Ave & Division St,casual,1069
Wabash Ave & Wacker Pl,casual,1065
State St & Randolph St,member,1064
Sheffield Ave & Wellington Ave,member,1061
Clark St & Randolph St,member,1059
Ellis Ave & 55th St,member,1058
Franklin St & Jackson Blvd,member,1056
Green St & Madison St,casual,1054
Mies van der Rohe Way & Chestnut St,member,1053
Sheffield Ave & Waveland Ave,member,1052
Rush St & Cedar St,casual,1035
Wabash Ave & 9th St,member,1021
Canal St & Madison St,member,1019
Morgan St & Lake St,casual,1016
Sheffield Ave & Webster Ave,member,1014
Adler Planetarium,casual,1011
Sheridan Rd & Montrose Ave,member,1010
State St & Randolph St,casual,1008
Franklin St & Monroe St,member,1002
Clark St & Drummond Pl,casual,997
Clark St & Newport St,member,996
Broadway & Belmont Ave,member,992
Morgan St & Polk St,member,992
Wells St & Hubbard St,casual,989
Stockton Dr & Wrightwood Ave,member,987
Kingsbury St & Kinzie St,casual,982
Burling St & Diversey Pkwy,member,976
LaSalle St & Jackson Blvd,member,975
Sedgwick St & Webster Ave,member,973
Sheffield Ave & Kingsbury St,member,970
Sedgwick St & Huron St,member,968
Dearborn Pkwy & Delaware Pl,casual,962
Franklin St & Lake St,member,944
Wabash Ave & Roosevelt Rd,casual,943
Sheffield Ave & Willow St,member,942
Clark St & Lake St,member,940
Clark St & Schiller St,casual,936
State St & 33rd St,member,933
Halsted St & Polk St,member,930
Lincoln Park Conservatory,casual,930
Sedgwick St & North Ave,member,929
Wood St & Milwaukee Ave,member,925
Rush St & Superior St,casual,921
Broadway & Sheridan Rd,member,919
Bissell St & Armitage Ave,casual,914
Desplaines St & Jackson Blvd,member,911
Millennium Park,member,902
Lake Shore Dr & North Blvd,member,901
Lakefront Trail & Bryn Mawr Ave,member,901
Wolcott Ave & Polk St,member,895
Broadway & Cornelia Ave,casual,888
Michigan Ave & 14th St,member,884
Stockton Dr & Wrightwood Ave,casual,883
Columbus Dr & Randolph St,casual,880
Mies van der Rohe Way & Chestnut St,casual,879
Clark St & Grace St,casual,875
Sheridan Rd & Irving Park Rd,member,874
Clarendon Ave & Gordon Ter,member,873
Aberdeen St & Monroe St,member,872
Clark St & Grace St,member,863
Ravenswood Ave & Lawrence Ave,member,861
Sheffield Ave & Wrightwood Ave,member,861
Southport Ave & Roscoe St,casual,860
Michigan Ave & Jackson Blvd,casual,836
Greenview Ave & Fullerton Ave,member,827
Federal St & Polk St,casual,822
Montrose Harbor,member,821
Halsted St & Wrightwood Ave,casual,817
Wabash Ave & 9th St,casual,814
Clark St & Chicago Ave,member,812
Aberdeen St & Jackson Blvd,member,808
Larrabee St & Division St,member,803
Desplaines St & Kinzie St,casual,801
Milwaukee Ave & Wabansia Ave,member,800
Pine Grove Ave & Irving Park Rd,member,799
Burnham Harbor,member,798
Paulina St & Flournoy St,member,796
Clifton Ave & Armitage Ave,member,794
Halsted St & Willow St,member,792
LaSalle Dr & Huron St,member,792
Clark St & Winnemac Ave,member,791
Halsted St & Dickens Ave,casual,788
Kimbark Ave & 53rd St,member,786
Ogden Ave & Race Ave,member,784
Broadway & Waveland Ave,casual,782
Michigan Ave & Pearson St,casual,776
Wood St & Milwaukee Ave,casual,776
Ritchie Ct & Banks St,member,772
Wilton Ave & Diversey Pkwy,casual,770
Clark St & Wellington Ave,casual,768
Southport Ave & Wellington Ave,member,766
Desplaines St & Randolph St,member,763
Dayton St & North Ave,member,759
Sheffield Ave & Wellington Ave,casual,757
Sheffield Ave & Wrightwood Ave,casual,757
Wells St & Polk St,member,756
Clark St & Lake St,casual,755
Clinton St & Madison St,casual,754
Sheffield Ave & Webster Ave,casual,752
Pine Grove Ave & Waveland Ave,casual,751
Broadway & Belmont Ave,casual,747
Southport Ave & Waveland Ave,casual,747
Sedgwick St & North Ave,casual,746
Lakefront Trail & Bryn Mawr Ave,casual,745
Racine Ave & Belmont Ave,member,745
May St & Taylor St,member,744
Field Blvd & South Water St,member,743
McClurg Ct & Erie St,casual,743
Milwaukee Ave & Grand Ave,casual,737
Damen Ave & Chicago Ave,member,734
Damen Ave & Cortland St,member,734
Racine Ave & Belmont Ave,casual,734
Lincoln Ave & Roscoe St,member,733
State St & Pearson St,member,725
Halsted St & Clybourn Ave,casual,723
Lincoln Ave & Belmont Ave,member,720
Aberdeen St & Randolph St,member,717
Clarendon Ave & Junior Ter,member,714
Clark St & North Ave,casual,713
Larrabee St & Armitage Ave,member,711
Franklin St & Illinois St,casual,699
DuSable Lake Shore Dr & Wellington Ave,member,696
Ritchie Ct & Banks St,casual,690
LaSalle St & Washington St,member,689
Dearborn St & Monroe St,casual,683
Ogden Ave & Chicago Ave,member,683
Clark St & North Ave,member,679
DuSable Lake Shore Dr & Belmont Ave,casual,679
Mies van der Rohe Way & Chicago Ave,casual,679
Cityfront Plaza Dr & Pioneer Ct,member,675
Fort Dearborn Dr & 31st St,casual,673
Orleans St & Hubbard St,member,671
Sangamon St & Washington Blvd,member,670
Franklin St & Jackson Blvd,casual,668
Canal St & Monroe St,member,666
Orleans St & Chestnut St (NEXT Apts),member,663
Lincoln Ave & Diversey Pkwy,casual,662
900 W Harrison St,member,661
Sedgwick St & Webster Ave,casual,661
Clark St & Chicago Ave,casual,660
Damen Ave & Division St,member,657
Shore Dr & 55th St,casual,657
Kingsbury St & Erie St,casual,656
Kedzie Ave & Milwaukee Ave,casual,651
Broadway & Wilson - Truman College Vaccination Site,member,650
Fairbanks St & Superior St,member,650
LaSalle Dr & Huron St,casual,645
Southport Ave & Wrightwood Ave,member,645
Sheffield Ave & Fullerton Ave,casual,643
DuSable Lake Shore Dr & Diversey Pkwy,member,642
Michigan Ave & Madison St,casual,640
DuSable Lake Shore Dr & Ohio St,casual,639
Damen Ave & Cortland St,casual,638
Dearborn St & Adams St,member,635
Stetson Ave & South Water St,casual,634
Michigan Ave & 18th St,member,632
Southport Ave & Clybourn Ave,member,631
Stetson Ave & South Water St,member,631
Ellis Ave & 58th St,member,630
DuSable Lake Shore Dr & Belmont Ave,member,629
Southport Ave & Wrightwood Ave,casual,628
Wentworth Ave & Cermak Rd,casual,628
Pine Grove Ave & Irving Park Rd,casual,627
Field Blvd & South Water St,casual,626
Wood St & Taylor St (Temp),member,624
Clark St & Berwyn Ave,member,622
MLK Jr Dr & 29th St,member,620
Cityfront Plaza Dr & Pioneer Ct,casual,618
Honore St & Division St,member,615
Dusable Harbor,member,612
Throop St & Taylor St,member,610
DuSable Lake Shore Dr & Diversey Pkwy,casual,609
DuSable Lake Shore Dr & Monroe St,member,608
Michigan Ave & Madison St,member,607
Calumet Ave & 18th St,member,606
DuSable Lake Shore Dr & Wellington Ave,casual,606
Ashland Ave & Chicago Ave,member,605
Sheridan Rd & Montrose Ave,casual,604
Broadway & Berwyn Ave,member,602
Eckhart Park,member,602
Larrabee St & Oak St,member,602
Ashland Ave & Blackhawk St,member,597
Carpenter St & Huron St,member,597
Noble St & Milwaukee Ave,member,597
Rush St & Hubbard St,member,597
Michigan Ave & Pearson St,member,596
Wabash Ave & 16th St,member,593
Wabash Ave & Wacker Pl,member,592
Wacker Dr & Washington St,member,592
Franklin St & Lake St,casual,591
Shore Dr & 55th St,member,591
Broadway & Sheridan Rd,casual,590
Franklin St & Adams St (Temp),member,590
Wells St & Polk St,casual,586
Michigan Ave & 14th St,casual,585
Ada St & Washington Blvd,member,582
Clark St & Leland Ave,member,580
Orleans St & Merchandise Mart Plaza,casual,580
Southport Ave & Belmont Ave,member,575
Burling St & Diversey Pkwy,casual,574
Greenview Ave & Fullerton Ave,casual,572
Jefferson St & Monroe St,member,572
California Ave & Milwaukee Ave,casual,569
Daley Center Plaza,casual,567
Lake Shore Dr & Ohio St,casual,567
Southport Ave & Wellington Ave,casual,567
Honore St & Division St,casual,565
Clinton St & Lake St,casual,563
Paulina Ave & North Ave,member,563
Ashland Ave & Augusta Blvd,member,562
Sheridan Rd & Buena Ave,member,562
Field Museum,casual,561
Sheridan Rd & Irving Park Rd,casual,561
Broadway & Argyle St,member,551
Wabash Ave & Adams St,member,547
Burnham Harbor,casual,542
Lake Shore Dr & Wellington Ave,member,540
California Ave & Milwaukee Ave,member,539
Wabash Ave & Adams St,casual,539
Desplaines St & Randolph St,casual,536
Michigan Ave & 8th St,member,536
Financial Pl & Ida B Wells Dr,member,533
Clinton St & Roosevelt Rd,member,532
Lincoln Park Conservatory,member,532
Loomis St & Jackson Blvd,member,532
Michigan Ave & Ida B Wells Dr,casual,530
Canal St & Jackson Blvd,member,529
Clark St & Randolph St,casual,528
Lake Shore Dr & Diversey Pkwy,casual,528
Clarendon Ave & Junior Ter,casual,526
Racine Ave & Wrightwood Ave,member,526
Western Ave & Winnebago Ave,member,523
Adler Planetarium,member,519
State St & Harrison St,casual,519
Cannon Dr & Fullerton Ave,casual,518
Southport Ave & Belmont Ave,casual,518
Peoria St & Jackson Blvd,casual,515
Clark St & Winnemac Ave,casual,514
Halsted St & Maxwell St,member,510
Sheffield Ave & Willow St,casual,510
State St & Van Buren St,member,510
Damen Ave & Chicago Ave,casual,509
Milwaukee Ave & Wabansia Ave,casual,506
Lake Shore Dr & Belmont Ave,casual,505
Shedd Aquarium,member,502
Damen Ave & Division St,casual,499
Ashland Ave & Blackhawk St,casual,498
Walsh Park,member,497
Lake Shore Dr & Diversey Pkwy,member,496
Clybourn Ave & Division St,member,492
Racine Ave & Fullerton Ave,casual,491
Wells St & Walton St,member,491
Sheffield Ave & Kingsbury St,casual,486
Lake Shore Dr & Wellington Ave,casual,485
Ogden Ave & Chicago Ave,casual,483
Lakefront Trail & Wilson Ave,casual,482
DuSable Lake Shore Dr & Ohio St,member,481
Lincoln Ave & Roscoe St,casual,481
Clark St & Berwyn Ave,casual,479
Clinton St & Washington Blvd,casual,479
Clarendon Ave & Gordon Ter,casual,478
Larrabee St & North Ave,member,474
Calumet Ave & 33rd St,member,470
Canal St & Adams St,casual,470
Kedzie Ave & Milwaukee Ave,member,469
Dayton St & North Ave,casual,468
Lake Shore Dr & Monroe St,member,468
Greenview Ave & Diversey Pkwy,member,464
Southport Ave & Irving Park Rd,member,464
Ellis Ave & 60th St,casual,461
Western Ave & Winnebago Ave,casual,461
Wood St & Chicago Ave,member,460
Larrabee St & Division St,casual,457
Lakefront Trail & Wilson Ave,member,455
Marine Dr & Ainslie St,member,451
Broadway & Granville Ave,member,450
Kimbark Ave & 53rd St,casual,450
Woodlawn Ave & 55th St,member,450
Franklin St & Adams St (Temp),casual,445
Dearborn St & Van Buren St,member,444
Halsted St & Willow St,casual,444
Emerald Ave & 31st St,member,442
Franklin St & Chicago Ave,casual,441
Sangamon St & Washington Blvd,casual,441
State St & Pearson St,casual,440
Clark St & Bryn Mawr Ave,member,437
Clifton Ave & Armitage Ave,casual,435
Lake Shore Dr & Belmont Ave,member,435
Broadway & Thorndale Ave,member,434
Lake Park Ave & 56th St,member,434
Western Ave & Leland Ave,member,434
Halsted St & Roosevelt Rd,member,431
Southport Ave & Clybourn Ave,casual,431
Paulina Ave & North Ave,casual,430
Canal St & Madison St,casual,429
Damen Ave & Thomas St (Augusta Blvd),member,429
Rush St & Hubbard St,casual,429
Elizabeth (May) St & Fulton St,member,428
Broadway & Ridge Ave,member,427
State St & Harrison St,member,427
Aberdeen St & Randolph St,casual,426
Racine Ave & 18th St,member,425
Clarendon Ave & Leland Ave,member,424
Ellis Ave & 53rd St,member,424
Larrabee St & Menomonee St,member,424
Elston Ave & Cortland St,member,422
Lincoln Ave & Belmont Ave,casual,422
Morgan Ave & 14th Pl,member,418
Carpenter St & Huron St,casual,417
Wentworth Ave & Cermak Rd,member,417
University Ave & 57th St,casual,416
Ashland Ave & Grace St,member,415
Eckhart Park,casual,414
Lake Shore Dr & Ohio St,member,414
Larrabee St & Kingsbury St,casual,413
Orleans St & Chestnut St (NEXT Apts),casual,412
Ashland Ave & Wellington Ave,member,410
Delano Ct & Roosevelt Rd,member,410
Racine Ave & Congress Pkwy,member,410
Larrabee St & Armitage Ave,casual,409
Cornell Ave & Hyde Park Blvd,member,405
Ashland Ave & Wrightwood Ave,member,403
Western Ave & Fillmore St,member,403
Clark St & Ida B Wells Dr,member,399
Damen Ave & Leland Ave,member,398
Fort Dearborn Dr & 31st St,member,397
Ogden Ave & Race Ave,casual,397
Marine Dr & Ainslie St,casual,393
Sedgwick St & Huron St,casual,389
Canal St & Taylor St,member,388
Winthrop Ave & Lawrence Ave,member,387
Lincoln Ave & Belle Plaine Ave,member,386
Ashland Ave & Chicago Ave,casual,385
Leavitt St & North Ave,member,385
Lincoln Ave & Sunnyside Ave,member,385
Franklin St & Monroe St,casual,384
Ashland Ave & Wrightwood Ave,casual,383
Michigan Ave & Jackson Blvd,member,383
Broadway & Argyle St,casual,381
Sheridan Rd & Lawrence Ave,member,377
Aberdeen St & Monroe St,casual,375
Calumet Ave & 18th St,casual,375
Dearborn St & Van Buren St,casual,374
Western Ave & Walton St,member,373
Clark St & 9th St (AMLI),member,372
Benson Ave & Church St,member,371
Leavitt St & Armitage Ave,member,369
Ravenswood Ave & Lawrence Ave,casual,368
State St & Van Buren St,casual,367
Racine Ave & Randolph St,member,366
Clark St & Leland Ave,casual,364
McCormick Place,casual,362
Racine Ave & Washington Blvd,member,361
Michigan Ave & 18th St,casual,360
Clinton St & Jackson Blvd,casual,359
Larrabee St & North Ave,casual,357
Clark St & Montrose Ave,member,356
Greenview Ave & Diversey Pkwy,casual,356
State St & 35th St,member,356
Broadway & Wilson - Truman College Vaccination Site,casual,355
Ashland Ave & Grand Ave,member,354
Lake Park Ave & 53rd St,member,353
Aberdeen St & Jackson Blvd,casual,352
LaSalle St & Washington St,casual,352
Ravenswood Ave & Irving Park Rd,member,352
Clinton St & Roosevelt Rd,casual,350
LaSalle St & Adams St,member,350
Lincoln Ave & Waveland Ave,member,349
Wells St & Walton St,casual,348
Racine Ave & Wrightwood Ave,casual,345
Damen Ave & Charleston St,member,344
Dearborn St & Adams St,casual,344
Museum of Science and Industry,casual,344
Lake Park Ave & 53rd St,casual,340
Seeley Ave & Roscoe St,member,340
Orleans St & Hubbard St,casual,337
Fairbanks St & Superior St,casual,336
Morgan St & 18th St,member,336
Noble St & Milwaukee Ave,casual,332
Winthrop Ave & Lawrence Ave,casual,330
Blue Island Ave & 18th St,member,329
Sheridan Rd & Noyes St (NU),member,329
Logan Blvd & Elston Ave,casual,328
Desplaines St & Jackson Blvd,casual,327
Damen Ave & Clybourn Ave,member,326
Wood St & Augusta Blvd,member,326
Cornell Ave & Hyde Park Blvd,casual,323
Harper Ave & 59th St,member,323
Sedgwick St & Schiller St,member,322
Humboldt Blvd & Armitage Ave,casual,321
Jefferson St & Monroe St,casual,321
Campbell Ave & North Ave,casual,320
Wolcott (Ravenswood) Ave & Montrose Ave,member,319
Leavitt St & Chicago Ave,member,318
Leavitt St & North Ave,casual,317
Western Ave & Walton St,casual,315
Sheridan Rd & Buena Ave,casual,314
Ada St & Washington Blvd,casual,313
Damen Ave & Thomas St (Augusta Blvd),casual,313
Ashland Ave & Grace St,casual,312
Broadway & Thorndale Ave,casual,312
Elston Ave & Cortland St,casual,312
Indiana Ave & 31st St,member,312
Damen Ave & Grand Ave,member,309
Ashland Ave & Grand Ave,casual,307
Broadway & Granville Ave,casual,307
Logan Blvd & Elston Ave,member,304
Halsted St & Maxwell St,casual,301
Wood St & Hubbard St,member,301
Racine Ave & 18th St,casual,300
Wabash Ave & 16th St,casual,299
Orleans St & Elm St,member,298
Sheridan Rd & Noyes St (NU),casual,298
California Ave & Cortez St,member,295
Rhodes Ave & 32nd St,member,295
Michigan Ave & Ida B Wells Dr,member,293
Delano Ct & Roosevelt Rd,casual,292
Broadway & Berwyn Ave,casual,286
Clarendon Ave & Leland Ave,casual,286
Canal St & Monroe St,casual,285
Ashland Ave & Lake St,casual,283
Benson Ave & Church St,casual,283
Loomis St & Lexington St,casual,283
Ellis Ave & 55th St,casual,282
Walsh Park,casual,280
Damen Ave & Charleston St,casual,278
Clark St & 9th St (AMLI),casual,277
Southport Ave & Irving Park Rd,casual,276
Leavitt St & Division St,member,275
LaSalle St & Jackson Blvd,casual,274
Woodlawn Ave & 55th St,casual,274
Damen Ave & Grand Ave,casual,272
May St & Taylor St,casual,272
Seeley Ave & Roscoe St,casual,272
Clark St & Bryn Mawr Ave,casual,270
Glenwood Ave & Morse Ave,member,270
Ashland Ave & Lake St,member,269
Ashland Ave & Augusta Blvd,casual,268
Wood St & Chicago Ave,casual,268
California Ave & Cortez St,casual,266
900 W Harrison St,casual,263
Financial Pl & Ida B Wells Dr,casual,263
Leavitt St & Armitage Ave,casual,263
Chicago Ave & Sheridan Rd,casual,262
Damen Ave & Wellington Ave,member,260
Ravenswood Ave & Berteau Ave,member,260
Wacker Dr & Washington St,casual,260
Sheridan Rd & Loyola Ave,member,259
Milwaukee Ave & Rockwell St,member,258
Campbell Ave & North Ave,member,257
Western Ave & Division St,member,254
Cannon Dr & Fullerton Ave,member,253
Sedgwick St & Schiller St,casual,251
Stave St & Armitage Ave,member,251
Blackstone Ave & Hyde Park Blvd,member,250
Canal St & Taylor St,casual,250
Broadway & Ridge Ave,casual,248
Humboldt Blvd & Armitage Ave,member,248
Sheridan Rd & Columbia Ave,member,246
Campbell Ave & Montrose Ave,member,243
Lake Park Ave & 35th St,casual,241
LaSalle St & Adams St,casual,241
Blue Island Ave & 18th St,casual,240
Leavitt St & Chicago Ave,casual,240
Leavitt St & Belmont Ave,member,238
Shields Ave & 31st St,member,238
Sheridan Rd & Loyola Ave,casual,237
Paulina St & 18th St,member,236
Western Ave & Leland Ave,casual,236
Ashland Ave & 13th St,member,235
California Ave & North Ave,casual,235
Damen Ave & Foster Ave,member,235
Southport Ave & Clark St,member,233
Western Ave & Congress Pkwy,member,233
Lake Park Ave & 56th St,casual,231
Kedzie Ave & Palmer Ct,casual,230
Albany Ave & Bloomingdale Ave,member,229
Chicago Ave & Washington St,member,229
Kedzie Ave & Palmer Ct,member,229
California Ave & North Ave,member,228
Damen Ave & Wellington Ave,casual,228
Larrabee St & Menomonee St,casual,228
Lincoln Ave & Belle Plaine Ave,casual,228
Blackstone Ave & Hyde Park Blvd,casual,227
Spaulding Ave & Armitage Ave,casual,227
Sheridan Rd & Lawrence Ave,casual,225
Western Ave & Division St,casual,225
Elizabeth (May) St & Fulton St,casual,224
Milwaukee Ave & Rockwell St,casual,224
Clark St & Montrose Ave,casual,223
Wood St & Augusta Blvd,casual,223
California Ave & Francis Pl (Temp),member,222
Clybourn Ave & Division St,casual,222
Emerald Ave & 28th St,member,221
Larrabee St & Oak St,casual,218
Wabash Ave & Cermak Rd,casual,217
Albany Ave & Bloomingdale Ave,casual,215
Clinton St & Tilden St,member,215
Ogden Ave & Congress Pkwy,member,215
Stave St & Armitage Ave,casual,214
Washtenaw Ave & Lawrence Ave,member,214
Wentworth Ave & 33rd St,member,214
Elston Ave & Wabansia Ave,member,213
California Ave & Division St,casual,212
Loomis St & Jackson Blvd,casual,212
Morgan St & 18th St,casual,212
Morgan St & 31st St,member,211
Greenview Ave & Jarvis Ave,member,210
Orleans St & Elm St,casual,210
Wabash Ave & Cermak Rd,member,209
Damen Ave & Sunnyside Ave,member,207
Buckingham Fountain,member,206
Clark St & Elmdale Ave,member,206
Ashland Ave & Wellington Ave,casual,205
Damen Ave & Melrose Ave,casual,204
Morgan St & Polk St,casual,204
Damen Ave & Madison St,member,203
Indiana Ave & 26th St,member,203
California Ave & Altgeld St,member,202
Calumet Ave & 21st St,member,202
Central Park Ave & Bloomingdale Ave,casual,202
Chicago Ave & Sheridan Rd,member,202
Lincoln Ave & Waveland Ave,casual,202
Damen Ave & Melrose Ave,member,201
Winchester Ave & Elston Ave,member,201
Damen Ave & Clybourn Ave,casual,200
Lincoln Ave & Sunnyside Ave,casual,200
Paulina St & 18th St,casual,200
California Ave & Fletcher St,casual,198
State St & 19th St,member,196
Talman Ave & Addison St,member,196
Clark St & Schreiber Ave,member,195
Ravenswood Ave & Irving Park Rd,casual,195
California Ave & Francis Pl (Temp),casual,194
Paulina St & Montrose Ave,member,194
California Ave & Altgeld St,casual,193
California Ave & Division St,member,192
Calumet Ave & 21st St,casual,192
Leavitt St & Belmont Ave,casual,191
Racine Ave & Washington Blvd,casual,191
Rockwell St & Eastwood Ave,member,189
Halsted St & Polk St,casual,188
Clark St & Lunt Ave,member,186
California Ave & Montrose Ave,member,185
Canal St & Jackson Blvd,casual,185
Winchester Ave & Elston Ave,casual,184
Ashland Ave & Belle Plaine Ave,member,183
Clark St & Ida B Wells Dr,casual,183
Field Museum,member,183
California Ave & Fletcher St,member,182
Campbell Ave & Fullerton Ave,member,181
Clinton St & 18th St,member,181
Racine Ave & Randolph St,casual,181
University Library (NU),member,180
Throop St & Taylor St,casual,179
Damen Ave & Madison St,casual,178
Clark St & Columbia Ave,member,176
Ellis Ave & 58th St,casual,176
Lincoln Ave & Addison St,member,176
Canal St & Harrison St,member,175
Leavitt St & Lawrence Ave,member,174
Wallace St & 35th St,member,173
Racine Ave & 15th St,member,172
Ellis Ave & 53rd St,casual,171
Troy St & North Ave,casual,171
Ashland Ave & Belle Plaine Ave,casual,169
Damen Ave & Leland Ave,casual,168
Campbell Ave & Fullerton Ave,casual,167
Wells St & 19th St,casual,165
Hermitage Ave & Polk St,member,164
Leavitt St & Addison St,member,164
Spaulding Ave & Armitage Ave,member,164
Artesian Ave & Hubbard St,member,163
St. Louis Ave & Fullerton Ave,member,161
St. Louis Ave & Fullerton Ave,casual,160
Wolcott (Ravenswood) Ave & Montrose Ave,casual,158
Paulina St & Flournoy St,casual,157
Damen Ave & Cullerton St,member,156
MLK Jr Dr & 29th St,casual,156
63rd St Beach,casual,155
Damen Ave & Walnut (Lake) St,casual,155
Lincoln Ave & Addison St,casual,155
Paulina St & Howard St,member,154
Western Ave & Monroe St,member,154
Western Ave & Roscoe St,member,154
Wood St & Hubbard St,casual,154
Damen Ave & Walnut (Lake) St,member,153
Oakley Ave & Irving Park Rd,member,153
State St & 19th St,casual,153
State St & 33rd St,casual,153
Damen Ave & Cullerton St,casual,152
Glenwood Ave & Morse Ave,casual,152
Cherry Ave & Blackhawk St,member,151
Damen Ave & Foster Ave,casual,149
Eastlake Ter & Rogers Ave,member,149
Elston Ave & Wabansia Ave,casual,149
Halsted St & North Branch St,member,148
Museum of Science and Industry,member,148
Central Park Ave & Bloomingdale Ave,member,147
Hoyne Ave & Balmoral Ave,member,147
Lincoln Ave & Winona St,member,147
Smith Park,member,147
Talman Ave & Addison St,casual,145
Western Ave & Roscoe St,casual,142
Emerald Ave & 31st St,casual,141
Francisco Ave & Foster Ave,member,140
Wells St & 19th St,member,139
Winchester (Ravenswood) Ave & Balmoral Ave,member,139
Claremont Ave & Hirsch St,member,137
Laflin St & Cullerton St,casual,136
Wolcott Ave & Polk St,casual,136
California Ave & Montrose Ave,casual,134
Calumet Ave & 35th St,member,134
Claremont Ave & Hirsch St,casual,134
Glenwood Ave & Touhy Ave,member,134
Lake Park Ave & 47th St,member,134
Sheridan Rd & Columbia Ave,casual,134
California Ave & Byron St,member,131
Lake Park Ave & 47th St,casual,131
Troy St & Elston Ave,member,129
Racine Ave & 15th St,casual,128
Racine Ave & Congress Pkwy,casual,127
Richmond St & Diversey Ave,casual,127
Leavitt St & Division St,casual,126
May St & Cullerton St,member,126
Halsted St & 35th St,member,125
Laflin St & Cullerton St,member,125
Kosciuszko Park,casual,123
Troy St & North Ave,member,123
Albany Ave & Montrose Ave,member,122
Halsted St & Roosevelt Rd,casual,122
Paulina St & Montrose Ave,casual,122
Greenwood Ave & 47th St,casual,121
Harper Ave & 59th St,casual,120
Morgan Ave & 14th Pl,casual,119
Ravenswood Ave & Berteau Ave,casual,119
Sheridan Rd & Greenleaf Ave,casual,119
Western Ave & 21st St,member,119
Central Park Ave & Elbridge Ave,member,118
Wentworth Ave & 24th St (Temp),casual,117
Damen Ave & Sunnyside Ave,casual,116
Smith Park,casual,116
Southport Ave & Clark St,casual,116
Wentworth Ave & 24th St (Temp),member,116
Clark St & Elmdale Ave,casual,115
Clinton St & Tilden St,casual,115
Halsted St & 18th St (Temp),member,114
McCormick Place,member,114
Morgan St & 31st St,casual,114
University Library (NU),casual,114
Rhodes Ave & 32nd St,casual,113
Clinton St & 18th St,casual,112
Manor Ave & Leland Ave,member,111
Cottage Grove Ave & Oakwood Blvd,casual,110
Oakley Ave & Irving Park Rd,casual,110
Halsted St & 18th St,member,109
Western Ave & Congress Pkwy,casual,109
Avers Ave & Belmont Ave,casual,108
Lake Park Ave & 35th St,member,107
Washtenaw Ave & Lawrence Ave,casual,107
Francisco Ave & Foster Ave,casual,106
Halsted St & 21st St,casual,106
Leavitt St & Addison St,casual,106
California Ave & Byron St,casual,105
May St & Cullerton St,casual,105
Richmond St & Diversey Ave,member,105
Chicago Ave & Washington St,casual,104
Marshfield Ave & Cortland St,member,104
State St & 35th St,casual,103
Shields Ave & 28th Pl,member,101
Spaulding Ave & Division St,member,101
N Green St & W Lake St,casual,100
Indiana Ave & 31st St,casual,99
Kimball Ave & Belmont Ave,member,99
McClurg Ct & Ohio St,member,99
Clark St & Schreiber Ave,casual,98
Halsted St & Archer Ave,member,98
Sheridan Rd & Greenleaf Ave,member,98
Troy St & Elston Ave,casual,98
Wentworth Ave & 35th St,member,98
Western Ave & Lunt Ave,member,98
Leavitt St & Lawrence Ave,casual,96
Monticello Ave & Irving Park Rd,casual,96
N Green St & W Lake St,member,96
California Ave & 21st St,member,95
Central Park Ave & North Ave,casual,94
Lincoln Ave & Winona St,casual,94
Spaulding Ave & Division St,casual,94
Woodlawn Ave & Lake Park Ave,casual,94
Canal St & Harrison St,casual,93
State St & Chicago Ave,member,93
Drake Ave & Montrose Ave,member,92
South Shore Dr & 71st St,casual,91
Halsted St & North Branch St,casual,90
Greenview Ave & Jarvis Ave,casual,89
Greenwood Ave & 47th St,member,89
Western Ave & Monroe St,casual,89
Clark St & Columbia Ave,casual,88
Halsted St & 35th St,casual,88
Evanston Civic Center,casual,87
Hoyne Ave & Balmoral Ave,casual,87
Halsted St & 21st St,member,86
Western Ave & Fillmore St,casual,86
Indiana Ave & 26th St,casual,85
Central St Metra,member,84
Dorchester Ave & 49th St,member,82
Wood St & Taylor St (Temp),casual,82
Keystone Ave & Fullerton Ave,casual,79
Christiana Ave & Lawrence Ave,casual,78
Kimball Ave & Belmont Ave,casual,78
Kosciuszko Park,member,78
Normal Ave & Archer Ave,member,78
Warren Park West,casual,78
Albany Ave & Montrose Ave,casual,77
Halsted St & 18th St (Temp),casual,77
Glenwood Ave & Touhy Ave,casual,76
Calumet Ave & 33rd St,casual,75
Winchester (Ravenswood) Ave & Balmoral Ave,casual,75
Dorchester Ave & 63rd St,casual,74
Loomis St & Archer Ave,member,74
South Shore Dr & 67th St,casual,74
Clark St & Lunt Ave,casual,73
Elmwood Ave & Austin St,member,73
MLK Jr Dr & Pershing Rd,casual,73
Paulina St & Howard St,casual,73
Rockwell St & Eastwood Ave,casual,73
Shields Ave & 31st St,casual,73
South Shore Dr & 71st St,member,73
Avers Ave & Belmont Ave,member,72
Cottage Grove Ave & 63rd St,casual,72
Eastlake Ter & Rogers Ave,casual,72
Malcolm X College Vaccination Site,member,72
Calumet Ave & 35th St,casual,71
Kedzie Ave & Leland Ave,member,71
Prairie Ave & 43rd St,casual,71
Sawyer Ave & Irving Park Rd,casual,71
Western Ave & Granville Ave,member,71
Bosworth Ave & Howard St,member,70
Central St Metra,casual,69
Cottage Grove Ave & 51st St,casual,69
Monticello Ave & Irving Park Rd,member,69
Sawyer Ave & Irving Park Rd,member,69
Wentworth Ave & 33rd St,casual,69
2112 W Peterson Ave,member,68
Avondale Ave & Irving Park Rd,casual,68
Central Park Ave & Elbridge Ave,casual,68
Malcolm X College Vaccination Site,casual,68
MLK Jr Dr & 47th St,casual,68
Artesian Ave & Hubbard St,casual,67
Racine Ave & 35th St,member,67
W Oakdale Ave & N Broadway,casual,67
Woodlawn Ave & Lake Park Ave,member,67
Evanston Civic Center,member,66
Kedzie Ave & Leland Ave,casual,66
Cottage Grove Ave & 47th St,casual,65
Halsted St & Archer Ave,casual,65
Calumet Ave & 51st St,casual,64
Halsted St & 18th St,casual,64
Ogden Ave & Roosevelt Rd,member,64
Racine Ave & 13th St,casual,63
Drake Ave & Montrose Ave,casual,62
Emerald Ave & 28th St,casual,62
Kedzie Ave & Chicago Ave,casual,62
Ogden Ave & Roosevelt Rd,casual,62
Washtenaw Ave & Ogden Ave,member,62
Bernard St & Elston Ave,member,61
Clark St & Jarvis Ave,member,61
Clinton St & Polk St,member,61
Wallace St & 35th St,casual,61
Wentworth Ave & 35th St,casual,61
Kedzie Ave & Bryn Mawr Ave,member,60
Avondale Ave & Irving Park Rd,member,59
Hampden Ct & Diversey Ave,member,59
Kedzie Ave & Foster Ave,member,59
Shields Ave & 28th Pl,casual,59
Western Ave & Lunt Ave,casual,59
Ashland Ave & 13th St,casual,58
Campbell Ave & Montrose Ave,casual,58
Conservatory Dr & Lake St,casual,58
DuSable Museum,member,58
W Armitage Ave & N Sheffield Ave,member,58
California Ave & 21st St,casual,57
California Ave & 23rd Pl,member,57
Cherry Ave & Blackhawk St,casual,57
Manor Ave & Leland Ave,casual,57
State St & 29th St,member,57
Western Ave & Granville Ave,casual,57
63rd St Beach,member,56
Central St & Girard Ave,member,56
Prairie Ave & Garfield Blvd,casual,55
W Oakdale Ave & N Broadway,member,55
Warren Park East,member,55
Western Ave & 21st St,casual,55
Ogden Ave & Congress Pkwy,casual,54
Western Ave & 24th St,member,53
Christiana Ave & Lawrence Ave,member,52
Clinton St & Polk St,casual,52
Bernard St & Elston Ave,casual,51
MLK Jr Dr & Pershing Rd,member,51
Ashland Ave & Archer Ave,member,50
Damen Ave & Wabansia Ave,member,50
Marshfield Ave & Cortland St,casual,50
McClurg Ct & Ohio St,casual,50
Washtenaw Ave & Ogden Ave,casual,50
Budlong Woods Library,member,49
Central St & Girard Ave,casual,49
Cottage Grove Ave & Oakwood Blvd,member,49
Loomis St & Archer Ave,casual,49
Budlong Woods Library,casual,48
Dorchester Ave & 49th St,casual,48
Racine Ave & 13th St,member,48
Ashland Ave & Archer Ave,casual,47
Damen Ave & Wabansia Ave,casual,47
Kedzie Ave & Foster Ave,casual,47
Kedzie Ave & Lake St,casual,47
Warren Park East,casual,47
Wood St & 35th St,casual,47
2112 W Peterson Ave,casual,46
California Ave & Lake St,member,46
Cottage Grove Ave & 47th St,member,46
Drake Ave & Addison St,casual,46
Jeffery Blvd & 67th St,casual,46
Cornell Dr & Hayes Dr,casual,45
Lincolnwood Dr & Central St,member,45
Racine Ave & 35th St,casual,45
St. Louis Ave & Balmoral Ave,casual,45
Central Park Ave & Ogden Ave,casual,44
Maplewood Ave & Peterson Ave,casual,44
Normal Ave & Archer Ave,casual,44
Western Ave & Howard St,member,44
Cottage Grove Ave & 43rd St,member,43
Kedzie Ave & Roosevelt Rd,casual,43
Prairie Ave & Garfield Blvd,member,43
Union Ave & Root St,member,43
Valli Produce - Evanston Plaza,member,43
Dodge Ave & Church St,member,42
State St & 29th St,casual,42
Warren Park West,member,42
Cottage Grove Ave & 51st St,member,41
Keystone Ave & Montrose Ave,casual,41
Ridge Blvd & Howard St,member,41
Ridge Blvd & Touhy Ave,member,41
Stony Island Ave & 71st St,casual,41
Valli Produce - Evanston Plaza,casual,41
California Ave & Lake St,casual,40
Kedzie Ave & Bryn Mawr Ave,casual,40
Stony Island Ave & 64th St,casual,40
Central Ave & Chicago Ave,member,39
Fairfield Ave & Roosevelt Rd,member,39
N Sheffield Ave & W Wellington Ave,casual,39
South Shore Dr & 67th St,member,39
Austin Blvd & Lake St,casual,38
Conservatory Dr & Lake St,member,38
Cottage Grove Ave & 43rd St,casual,38
Milwaukee Ave & Cuyler Ave,member,38
St. Louis Ave & Balmoral Ave,member,38
Dodge Ave & Mulford St,casual,37
Western Ave & 24th St,casual,37
Kildare Ave & Montrose Ave,member,36
Leavitt St & Archer Ave,casual,36
Milwaukee Ave & Cuyler Ave,casual,36
Oakley Ave & Touhy Ave,casual,36
Keystone Ave & Montrose Ave,member,35
Leavitt St & Archer Ave,member,35
Ridge Blvd & Touhy Ave,casual,35
Drake Ave & Addison St,member,34
Eberhart Ave & 61st St,casual,34
Prairie Ave & 43rd St,member,34
South Shore Dr & 74th St,casual,34
Stony Island Ave & 67th St,casual,34
Archer (Damen) Ave & 37th St,casual,33
Clark St & Touhy Ave,casual,33
Clark St & Touhy Ave,member,33
Dodge Ave & Church St,casual,33
Halsted St & 47th Pl,member,33
Keystone Ave & Fullerton Ave,member,33
Calumet Park,casual,32
Damen Ave & Coulter St,casual,32
Jeffery Blvd & 71st St,casual,32
Cottage Grove Ave & 67th St,casual,31
Fairfield Ave & Roosevelt Rd,casual,31
Halsted St & 37th St,casual,31
Halsted St & 37th St,member,31
State St & 95th St,casual,31
Western Ave & Howard St,casual,31
Base - 2132 W Hubbard Warehouse,member,30
Cottage Grove Ave & 63rd St,member,30
Dodge Ave & Main St,casual,30
Hampden Ct & Diversey Ave,casual,30
Kedzie Ave & Chicago Ave,member,30
Ridge Blvd & Howard St,casual,30
Western Blvd & 48th Pl,casual,30
Wood St & 35th St,member,30
Clark St & Jarvis Ave,casual,29
Damen Ave & Coulter St,member,29
Dodge Ave & Mulford St,member,29
Kildare Ave & Montrose Ave,casual,29
Lincolnwood Dr & Central St,casual,29
Prospect Sq & 91st St,casual,29
Elmwood Ave & Austin St,casual,28
Millard Ave & 26th St,casual,28
Pulaski Rd & Eddy St (Temp),casual,28
W Armitage Ave & N Sheffield Ave,casual,28
California Ave & 23rd Pl,casual,27
Central Park Ave & North Ave,member,27
Knox Ave & Montrose Ave,casual,27
Marshfield Ave & 44th St,member,27
Wolcott Ave & Fargo Ave,casual,27
Austin Blvd & Lake St,member,26
Indiana Ave & 40th St,member,26
MLK Jr Dr & 63rd St,member,26
Archer (Damen) Ave & 37th St,member,25
Calumet Ave & 51st St,member,25
Sacramento Blvd & Franklin Blvd,casual,25
State St & Chicago Ave,casual,25
Bosworth Ave & Howard St,casual,24
Maplewood Ave & Peterson Ave,member,24
Morgan St & Pershing Rd,member,24
Oakley Ave & Touhy Ave,member,24
Union Ave & Root St,casual,24
Damen Ave & Pershing Rd,casual,23
Dorchester Ave & 63rd St,member,23
DuSable Museum,casual,23
Kedzie Ave & 21st St,casual,23
Stony Island Ave & 75th St,casual,23
Wolcott Ave & Fargo Ave,member,23
Chicago State University,member,22
Halsted St & 47th Pl,casual,22
Kilbourn Ave & Milwaukee Ave,casual,22
Knox Ave & Montrose Ave,member,22
Lawndale Ave & 111th St,casual,22
MLK Jr Dr & 47th St,member,22
Phillips Ave & 79th St,casual,22
Rainbow Beach,casual,22
State St & 123rd St,casual,22
Base - 2132 W Hubbard Warehouse,casual,21
Central Ave & Lake St,casual,21
Kedzie Ave & Lake St,member,21
Kilbourn Ave & Milwaukee Ave,member,21
N Sheffield Ave & W Wellington Ave,member,21
Wabash Ave & 87th St,casual,21
Big Marsh Park,casual,20
Chicago State University,casual,20
Loomis Blvd & 84th St,casual,20
N Carpenter St & W Lake St,member,20
Princeton Ave & 47th St,member,20
Pulaski Rd & Congress Pkwy,casual,20
Pulaski Rd & Lake St,casual,20
Sacramento Blvd & Franklin Blvd,member,20
Ashland Ave & Pershing Rd,member,19
Central Ave & Madison St,member,19
Central Park Ave & Ogden Ave,member,19
Central Park Blvd & 5th Ave,casual,19
Damen Ave & Pershing Rd,member,19
Jeffery Blvd & 76th St,casual,19
Princeton Ave & Garfield Blvd,casual,19
Stony Island Ave & South Chicago Ave,casual,19
Central Park Ave & 24th St,casual,18
Cottage Grove Ave & 83rd St,casual,18
Damen Ave & 59th St,casual,18
Dodge Ave & Main St,member,18
Kedzie Ave & 24th St,casual,18
MLK Jr Dr & 56th St,casual,18
N Southport Ave & W Newport Ave,casual,18
State St & 79th St,casual,18
Stony Island Ave & 64th St,member,18
Ashland Ave & Pershing Rd,casual,17
California Ave & 26th St,member,17
Hermitage Ave & Polk St,casual,17
Hoyne Ave & 47th St,member,17
State St & Pershing Rd,casual,17
Vincennes Ave & 75th St,casual,17
Ellis Ave & 83rd St,casual,16
Indiana Ave & 40th St,casual,16
Kilbourn Ave & Irving Park Rd,casual,16
Latrobe Ave & Chicago Ave,casual,16
MLK Jr Dr & 63rd St,casual,16
Princeton Ave & 47th St,casual,16
Pulaski Rd & Eddy St (Temp),member,16
Summit Ave & 86th St,casual,16
Yates Blvd & 75th St,casual,16
Albany Ave & 26th St,casual,15
Austin Blvd & Chicago Ave,casual,15
Central Ave & Chicago Ave,casual,15
Eberhart Ave & 91st St,casual,15
Eggleston Ave & 92nd St,casual,15
Greenwood Ave & 97th St,casual,15
Hoyne Ave & 47th St,casual,15
Kilbourn Ave & Irving Park Rd,member,15
Stony Island Ave & 75th St,member,15
Ashland Ave & 50th St,casual,14
Ashland Ave & McDowell Ave,member,14
Austin Blvd & Madison St,casual,14
Greenwood Ave & 79th St,casual,14
Jeffery Blvd & 67th St,member,14
Long & Irving Park,casual,14
Loomis St & 89th St,casual,14
Marquette Ave & 89th St,casual,14
Baltimore Ave & 87th St,casual,13
Burnham Greenway & 105th St,casual,13
Cottage Grove Ave & 111th Pl,casual,13
Cottage Grove Ave & 78th St,casual,13
Evans Ave & 75th St,casual,13
Exchange Ave & 79th St,casual,13
Homewood Ave & 115th St,casual,13
Millard Ave & 26th St,member,13
N Carpenter St & W Lake St,casual,13
Perry Ave & 69th St,casual,13
Walden Pkwy & 100th St,casual,13
Western Ave & 111th St,casual,13
Austin Blvd & Madison St,member,12
Clyde Ave & 87th St,casual,12
Commercial Ave & 130th St,casual,12
Cornell Dr & Hayes Dr,member,12
Hale Ave & 107th St,casual,12
Halsted & 63rd - Kennedy-King Vaccination Site,casual,12
Kedzie Ave & Harrison St,casual,12
Lockwood Ave & Wrightwood Ave,casual,12
May St & 69th St,casual,12
Milwaukee Ave & Fullerton Ave,member,12
Princeton Ave & Garfield Blvd,member,12
South Shore Dr & 74th St,member,12
Stewart Ave & 83rd St,casual,12
Vernon Ave & 75th St,casual,12
W Washington Blvd & N Peoria St,member,12
Wentworth Ave & 63rd St,casual,12
Ashland Ave & 63rd St,casual,11
Cicero Ave & Lake St,casual,11
Cottage Grove Ave & 71st St,casual,11
Dauphin Ave & 87th St,casual,11
Karlov Ave & Madison St,casual,11
Laramie Ave & Madison St,casual,11
Major Taylor Trail & 115th St,casual,11
Marshfield Ave & 44th St,casual,11
Michigan Ave & 114th St,casual,11
Mulligan Ave & Wellington Ave,casual,11
Mulligan Ave & Wellington Ave,member,11
N Southport Ave & W Newport Ave,member,11
Racine Ave & Garfield Blvd,casual,11
South Chicago Ave & 83rd St,casual,11
State St & 95th St,member,11
State St & Pershing Rd,member,11
Wentworth Ave & 104th St,casual,11
Western Ave & 104th St,casual,11
Ashland Ave & Garfield Blvd,casual,10
California Ave & 26th St,casual,10
Halsted St & 104th St,casual,10
Jeffery Blvd & 71st St,member,10
Michigan Ave & 71st St,casual,10
MLK Jr Dr & 56th St,member,10
MLK Jr Dr & 83rd St,casual,10
N Paulina St & Lincoln Ave,casual,10
Seeley Ave & Garfield Blvd,casual,10
State St & 54th St,casual,10
Stony Island Ave & 82nd St,casual,10
Vincennes Ave & 104th St,casual,10
W 103rd St & S Avers Ave,casual,10
Wentworth Ave & 63rd St,member,10
Ashland Ave & 66th St,casual,9
Ashland Ave & McDowell Ave,casual,9
Dauphin Ave & 103rd St,casual,9
Eberhart Ave & 61st St,member,9
Eggleston Ave & 69th St,casual,9
Elizabeth St & 92nd St,casual,9
Hale Ave & 107th St,member,9
Houston Ave & 92nd St,casual,9
Kedzie Ave & 110th St,casual,9
Kedzie Ave & 21st St,member,9
Kedzie Ave & George St,member,9
Kenton Ave & Madison St,casual,9
Kostner Ave & Lake St,casual,9
Laramie Ave & Gladys Ave,casual,9
Morgan St & Pershing Rd,casual,9
Narragansett & Wrightwood,casual,9
Stewart Ave & 63rd St,casual,9
Stony Island Ave & 90th St,casual,9
Austin Blvd & Chicago Ave,member,8
Bennett Ave & 79th St,casual,8
Big Marsh Park,member,8
Bradley Park,casual,8
California Ave & Winona St,member,8
Central Ave & Harrison St,casual,8
Central Ave & Madison St,casual,8
Commercial Ave & 100th St,casual,8
Constance Ave & 95th St,casual,8
Cottage Grove Ave & 67th St,member,8
Eberhart Ave & 131st St,casual,8
Exchange Ave & 79th St,member,8
Halsted St & 111th St,casual,8
Halsted St & 51st St,member,8
Halsted St & 69th St,casual,8
Kilbourn & Belden,casual,8
Laramie Ave & Kinzie St,casual,8
Lincoln Ave & Balmoral Ave,member,8
N Paulina St & Lincoln Ave,member,8
Oak Park & Wellington,casual,8
Phillips Ave & 83rd St,casual,8
Plainfield & Irving Park,casual,8
South Chicago Ave & Elliot Ave,casual,8
State St & 54th St,member,8
Stony Island Ave & 67th St,member,8
Troy St & Grace St,member,8
W Washington Blvd & N Peoria St,casual,8
WEST CHI-WATSON,casual,8
Western Ave & Gunnison St,member,8
Western Blvd & 48th Pl,member,8
Woodlawn Ave & 75th St,casual,8
Ada St & 113th St,casual,7
Altgeld Gardens,casual,7
Ashland Ave & 78th St,casual,7
Central Park Ave & 24th St,member,7
Central Park Blvd & 5th Ave,member,7
Cicero Ave & Quincy St,casual,7
Damen Ave & 51st St,casual,7
East End Ave & 87th St,member,7
Kilpatrick Ave & Parker Ave,casual,7
Kostner Ave & Adams St,casual,7
Kostner Ave & Wrightwood Ave,casual,7
Lockwood Ave & Wrightwood Ave,member,7
Major Taylor Trail & 124th St,casual,7
Orange & Addison,casual,7
Phillips Ave & 79th St,member,7
Rainbow Beach,member,7
Torrence Ave & 126th Pl,casual,7
Vernon Ave & 107th St,casual,7
Vernon Ave & 79th St,casual,7
Albany Ave & Belmont Ave,member,6
Ashland Ave & 63rd St,member,6
Ashland Ave & 74th St,member,6
Central Park Ave & Douglas Blvd,casual,6
Cicero Ave & Flournoy St,casual,6
Clyde Ave & 87th St,member,6
Cottage Grove Ave & 78th St,member,6
East End Ave & 87th St,casual,6
Elizabeth St & 47th St,casual,6
Greenwood Ave & 91st St,casual,6
Halsted St & 111th St,member,6
Halsted St & 59th St,casual,6
Halsted St & 78th St,casual,6
Halsted St & 96th St,member,6
Kedzie Ave & 48th Pl,casual,6
Kedzie Ave & Harrison St,member,6
Kostner Ave & Adams St,member,6
Loomis Blvd & 84th St,member,6
Milwaukee Ave & Fullerton Ave,casual,6
Rockwell St & Fletcher St,casual,6
Vernon Ave & 79th St,member,6
Vincennes Ave & 104th St,member,6
Wabash Ave & 83rd St,member,6
Yates Blvd & 93rd St,casual,6
Ashland Ave & 74th St,casual,5
Avenue O & 118th St,casual,5
Baltimore Ave & 87th St,member,5
Calumet Ave & 71st St,casual,5
Carpenter St & 63rd St,casual,5
Halsted & 63rd - Kennedy-King Vaccination Site,member,5
Halsted St & 56th St,casual,5
Halsted St & 96th St,casual,5
Harlem & Irving Park,casual,5
Hegewisch Metra Station,casual,5
Indiana Ave & 103rd St,casual,5
Kedzie Ave & 24th St,member,5
Kedzie Ave & George St,casual,5
Kilbourn & Roscoe,casual,5
Kildare Ave & Chicago Ave,casual,5
Kilpatrick Ave & Parker Ave,member,5
Komensky Ave & 31st St,member,5
Laramie Ave & Madison St,member,5
Lavergne & Fullerton,casual,5
Long & Irving Park,member,5
Mason Ave & Belmont Ave,casual,5
Meade Ave & Addison St,casual,5
Narragansett Ave & School St,casual,5
Pulaski Rd & Lake St,member,5
Rhodes Ave & 71st St,casual,5
State St & 76th St,casual,5
Stony Island Ave & 71st St,member,5
Stony Island Ave & 82nd St,member,5
Wabash Ave & 87th St,member,5
Albany Ave & 26th St,member,4
Avenue O & 134th St,casual,4
Central Ave & Lake St,member,4
Central Ave & Parker Ave,casual,4
Cicero Ave & Grace St,casual,4
Commercial Ave & 83rd St,casual,4
Cottage Grove Ave & 111th Pl,member,4
Cottage Grove Ave & 83rd St,member,4
Elston Ave & George St,casual,4
Elston Ave & George St,member,4
Ewing Ave & Burnham Greenway,member,4
Francisco Ave & 47th St,casual,4
Halsted St & 51st St,casual,4
Indiana Ave & 103rd St,member,4
Jeffery Blvd & 76th St,member,4
Kedzie Ave & 104th St,casual,4
Kenosha & Wellington,casual,4
Lamon Ave & Belmont Ave,member,4
Long Ave & Belmont Ave,member,4
Marshfield Ave & 59th St,casual,4
May St & 69th St,member,4
Meade Ave & Addison St,member,4
Meade Ave & Diversey Ave,casual,4
Nordica & Medill,member,4
Oglesby Ave & 100th St,casual,4
Racine Ave & 61st St,casual,4
Rockwell St & Archer Ave,casual,4
Shields Ave & 43rd St,member,4
Spaulding Ave & 16th St,casual,4
State St & 79th St,member,4
Stony Island Ave & 90th St,member,4
Throop St & 52nd St,casual,4
Walden Pkwy & 100th St,member,4
Western & 28th - Velasquez Institute Vaccination Site,member,4
Yates Blvd & 75th St,member,4
Ashland Ave & 78th St,member,3
Central Ave & Harrison St,member,3
Dauphin Ave & 87th St,member,3
Eberhart Ave & 91st St,member,3
Elizabeth St & 59th St,casual,3
Elston Ave & Henderson St,casual,3
Evans Ave & 75th St,member,3
Ewing Ave & Burnham Greenway,casual,3
Francisco Ave & Bloomingdale Ave,casual,3
Greenwood Ave & 91st St,member,3
Homewood Ave & 115th St,member,3
Houston Ave & 92nd St,member,3
Kedzie Ave & 52nd St,member,3
Kedzie Ave & 57th St,casual,3
Kilbourn & Belden,member,3
Komensky Ave & 55th St,casual,3
Lamon Ave & Belmont Ave,casual,3
Laramie Ave & Kinzie St,member,3
Latrobe Ave & Chicago Ave,member,3
Lawndale Ave & 30th St,casual,3
Long Ave & Belden Ave,casual,3
Major Taylor Trail & 115th St,member,3
Menard Ave & Division St,casual,3
MLK Jr Dr & 83rd St,member,3
N Damen Ave & W Chicago Ave,member,3
N Shore Channel Trail & Argyle St,casual,3
Narragansett & Irving Park,casual,3
Nordica & Medill,casual,3
Oak Park & Wellington,member,3
Oketo Ave & Addison St,casual,3
Panama Ave & Grace St,casual,3
Perry Ave & 69th St,member,3
Prospect Sq & 91st St,member,3
Pulaski Rd & 21st St,casual,3
Pulaski Rd & 21st St,member,3
Pulaski Rd & 51st St,casual,3
Pulaski Rd & 51st St,member,3
Racine Ave & 65th St,casual,3
Rockwell St & Cermak Rd,casual,3
Rockwell St & Fletcher St,member,3
Sacramento Blvd & Addison St,casual,3
Sayre & Diversey,casual,3
Shields Ave & 43rd St,casual,3
St Louis Ave & 59th St,casual,3
Stony Island Ave & South Chicago Ave,member,3
Torrence Ave & 106th St,casual,3
Tripp Ave & 65th St,casual,3
W 103rd St & S Avers Ave,member,3
Wabash Ave & 83rd St,casual,3
Western & 28th - Velasquez Institute Vaccination Site,casual,3
Western Ave & Gunnison St,casual,3
Wilton Ave & Diversey Pkwy - Charging,member,3
Yates Blvd & 93rd St,member,3
Albany Ave & Belmont Ave,casual,2
Ashland Ave & 66th St,member,2
Avenue O & 118th St,member,2
Avenue O & 134th St,member,2
Bennett Ave & 79th St,member,2
Burnham Greenway & 105th St,member,2
Burnham Greenway & 112th St,casual,2
Calumet Ave & 71st St,member,2
Calumet Park,member,2
Campbell Ave & 51st St,casual,2
Carpenter St & 63rd St,member,2
Central Ave & Roscoe St,member,2
Commercial Ave & 130th St,member,2
Damen Ave & 59th St,member,2
Eggleston Ave & 69th St,member,2
Elizabeth St & 47th St,member,2
Halsted St & 56th St,member,2
Halsted St & 69th St,member,2
Halsted St & 73rd St,casual,2
Harding Ave & 26th St,member,2
Harlem Ave & Grace St,casual,2
Kedzie Ave & Roosevelt Rd,member,2
Keeler Ave & Roosevelt Rd,casual,2
Kostner Ave & Wrightwood Ave,member,2
Lavergne & Fullerton,member,2
Lavergne Ave & Division St,casual,2
Leamington Ave & Hirsch St,casual,2
Lincoln Ave & Peterson Ave,casual,2
Lincoln Ave & Peterson Ave,member,2
Long Ave & Belden Ave,member,2
Long Ave & North Ave,casual,2
Major Ave & Bloomingdale Ave,casual,2
Maryland Ave & 104th St,casual,2
Meade Ave & Diversey Ave,member,2
N Damen Ave & W Chicago Ave,casual,2
Narragansett & McLean,casual,2
Narragansett & Wrightwood,member,2
North Ave & New England Ave,casual,2
Parkside Ave & Armitage Ave,casual,2
Pulaski Rd & Congress Pkwy,member,2
Racine Ave & 61st St,member,2
Racine Ave & Garfield Blvd,member,2
Rockwell St & Archer Ave,member,2
Rockwell St & Cermak Rd,member,2
S Aberdeen St & W 106th St,casual,2
Sacramento Ave & Pershing Rd,casual,2
Sacramento Blvd & Addison St,member,2
Seeley Ave & Garfield Blvd,member,2
South Chicago Ave & 83rd St,member,2
Springfield Ave & 47th St,casual,2
St Louis Ave & Norman Bobbins Ave,casual,2
Summit Ave & 86th St,member,2
Tripp Ave & 31st St,casual,2
Vernon Ave & 75th St,member,2
Virginia Ave & Catalpa Ave,member,2
Wentworth Ave & 104th St,member,2
Western Ave & 104th St,member,2
Western Ave & Grace St,casual,2
Whipple/Irving Park,casual,2
Woodlawn & 103rd - Olive Harvey Vaccination Site,casual,2
Ada St & 113th St,member,1
Archer Ave & 43rd St,casual,1
Artesian Ave & 55th St,casual,1
Ashland Ave & 50th St,member,1
Bloomingdale Ave & Harlem Ave,casual,1
Bloomingdale Ave & Harlem Ave,member,1
Burnham Greenway & 112th St,member,1
California & 16th St,casual,1
California & 16th St,member,1
California Ave & 29th St,casual,1
Central Ave & Roscoe St,casual,1
Central Park & Augusta Blvd,casual,1
Central Park & Augusta Blvd,member,1
Central Park Ave & Ohio St,casual,1
Cicero Ave & Flournoy St,member,1
Cicero Ave & Lake St,member,1
Cottage Grove Ave & 71st St,member,1
Damen Ave & 51st St,member,1
Dauphin Ave & 103rd St,member,1
DIVVY CASSETTE REPAIR MOBILE STATION,casual,1
Doty Ave & 111th St,member,1
Eberhart Ave & 131st St,member,1
Eggleston Ave & 92nd St,member,1
Elston Ave & Henderson St,member,1
Francisco Ave & Bloomingdale Ave,member,1
Greenwood Ave & 79th St,member,1
Halsted St & 59th St,member,1
Halsted St & 78th St,member,1
Harlem & Irving Park,member,1
Hegewisch Metra Station,member,1
Homan Ave & Fillmore St,casual,1
Karlov Ave & Madison St,member,1
Kedzie Ave & 52nd St,casual,1
Kenosha & Wellington,member,1
Kenton Ave & Madison St,member,1
Kilbourn & Roscoe,member,1
Kildare Ave & 55th St,casual,1
Kildare Ave & Division St,casual,1
Kildare Ave & Division St,member,1
Kilpatrick Ave & Grand Ave,casual,1
Komensky Ave & 31st St,casual,1
Kostner Ave & 63rd St,casual,1
Kostner Ave & Lake St,member,1
La Villita Park (Albany/30th),casual,1
Lamon Ave & Armitage Ave,casual,1
Lamon Ave & Armitage Ave,member,1
Lamon Ave & Chicago Ave,casual,1
Lavergne Ave & 46th St,casual,1
Lawler Ave & 50th St,casual,1
Lawler Ave & 50th St,member,1
Lawndale Ave & 111th St,member,1
Lawndale Ave & 16th St,casual,1
Lawndale Ave & 30th St,member,1
Lincoln Ave & Balmoral Ave,casual,1
Lincoln Ave & Roscoe St - Charging,member,1
Marquette Ave & 89th St,member,1
Mason Ave & Belmont Ave,member,1
Menard Ave & Division St,member,1
Michigan Ave & 71st St,member,1
Monticello Ave & Chicago Ave,member,1
Mozart St & Jackson Blvd,casual,1
Mozart St & Jackson Blvd,member,1
N Clark St & W Elm St,member,1
Narragansett & McLean,member,1
Oglesby Ave & 100th St,member,1
Ping Tom Park (East),member,1
Plainfield & Irving Park,member,1
Pulaski & Ann Lurie Pl,member,1
Racine Ave & 65th St,member,1
Richmond St & 59th St,casual,1
Richmond St & Lincoln Ave,casual,1
Richmond St & Lincoln Ave,member,1
Roscoe & Harlem,casual,1
Roscoe & Harlem,member,1
S Wentworth Ave & W 111th St,casual,1
Sacramento Ave & 25th St,casual,1
Sacramento Ave & Pershing Rd,member,1
Sacramento Blvd & Polk St,casual,1
Shabbona Park,member,1
St Louis Ave & Norman Bobbins Ave,member,1
Steelworkers Park,member,1
Stewart Ave & 63rd St,member,1
Throop St & 52nd St,member,1
Tripp Ave & 15th St,casual,1
Troy St & Grace St,casual,1
Vincennes Ave & 75th St,member,1
Virginia Ave & Catalpa Ave,casual,1
Washtenaw Ave & Peterson Ave,casual,1
Washtenaw Ave & Polk St,casual,1
Western Ave & 62nd St,casual,1
Western Ave & 62nd St,member,1
Western Ave & Ardmore Ave,casual,1
Western Ave & Ardmore Ave,member,1
Western Ave & Grace St,member,1
Whipple St & Irving Park Rd,member,1
